seller_id,seller_zip_code_prefix,seller_city,seller_state
768a86e36ad6aae3d03ee3c6433d61df,01529,sao paulo,SP
ccc4bbb5f32a6ab2b7066a4130f114e3,80310,curitiba,PR
8bd0f31cf0a614c658f6763bd02dea69,01222,sao paulo,SP
d2e753bb80b7d4faa77483ed00edc8ca,45810,porto seguro,BA
f7496d659ca9fdaf323c0aae84176632,04156,sao paulo,SP
8bd0e3abda539b9479c4b44a691be1ec,98910,tres de maio,RS
116ccb1a1604bc88e4d234a8c23f33de,09850,sao bernardo do campo,SP
1f9ab4708f3056ede07124aad39a2554,17602,tupa,SP
b2a6d334e2833acea353624840e25a0e,04133,sao paulo,SP
c0f783394e37cd9c9d7f5f81141450fa,13416,piracicaba,SP
8444e55c1f13cd5c179851e5ca5ebd00,37584,congonhal,MG
0c7533c71df861ec58ad7ff999ed0e8d,13270,valinhos,SP
02ecc2a19303f05e59ce133fd923fff7,09121,santo andre,SP
c013e57c075a06e5b5c48ee03c525719,13568,sao carlos,SP
a416b6a846a11724393025641d4edd5e,03702,sao paulo,SP
7e93a43ef30c4f03f38b393420bc753a,06429,barueri,SP
ef506c96320abeedfb894c34db06f478,03569,sao paulo,SP
7299e27ed73d2ad986de7f7c77d919fa,38440,araguari,MG
8a9260f2b0340411d6d2a56bcf4f7378,32180,contagem,MG
b2479f944e1b90cf8a5de1bbfde284d6,14940,ibitinga,SP
7722b1df1b0e383e000397b2c11e3e19,09715,sao bernardo do campo,SP
4e7c18b98d84e05cbae3ff0ff03846c2,14882,jaboticabal,SP
b56906f7fd1696e043f1bcce164c487b,19830,echapora,SP
669ae81880e08f269a64487cfb287169,89160,rio do sul,SC
cda598c48d7c614bc1cad7d8ff6f0010,15137,mirassol,SP
709e16e2b25c7474d980076c6bfc4806,16200,birigui,SP
ad87df7699e83b8a91822a4a0b765c3a,13820,jaguariuna,SP
eb72802c83dc7547529c9546d1a9b8ef,13504,rio claro,SP
0c8380b62e38e8a1e6adbeba7eb9688c,37410,tres coracoes,MG
37be5a7c751166fbc5f8ccba4119e043,04248,sao paulo,SP
44073f8b7e41514de3b7815dd0237f4f,71070,brasilia,DF
7b07b3c7487f0ea825fc6df75abd658b,02016,sao paulo,SP
784ba75dd9d20200c4caed3d7a77141a,01040,sao paulo,SP
82e0a475a88cc9595229d8029273f045,03417,sao paulo,SP
ed4acab38528488b65a9a9c603ff024a,08260,sao paulo,SP
b18dc380845b24038cfc48006478f099,09951,diadema,SP
a64e44665225d19dfc0277eeeaaccc57,19400,sao paulo,SP
42b6488f5b8246d9141712abd4b1b693,87014,maringa,PR
229c3efbfb0ea2058de4ccdfbc3d784a,30190,belo horizonte,MG
95ec4458365c4d11f452ccf538377619,13481,limeira,SP
fa40cc5b934574b62717c68f3d678b6d,02310,sao paulo,SP
c0098efcf800861dcae589affca31408,14080,ribeirao preto,SP
8b2492b7ff4468839593fafeed55bad9,24451,sao goncalo,RJ
aaed1309374718fdd995ee4c58c9dfcd,89120,timbo,SC
d1c7fa84e48cfa21a0e595167c1c500e,99730,jacutinga,RS
9e6229250fedbe05838fef417b74e7fb,16800,mirandopolis,SP
7178f9f4dd81dcef02f62acdf8151e01,89560,videira,SC
3f995f07c49d0d55a99d5c54957f7d81,06853,itapecerica da serra,SP
3db66a856d18a9cba7c9241fc5221c50,35430,ponte nova,MG
a17f621c590ea0fab3d5d883e1630ec6,18055,sorocaba,SP
55bb6fe5bebe5012e2d7d9928e1128ff,17052,bauru,SP
d6b1ce66b035a475f00c017792ff9769,13327,salto,SP
ececbfcff9804a2d6b40f589df8eef2b,14407,franca,SP
7d13fca15225358621be4086e1eb0964,14050,ribeirao preto,SP
b8555308bfdb4ca1ed54325a58da9a97,09751,sao bernardo do campo,SP
1dc2de47ee26a0a5b12dc14fd6dc0dea,14940,ibitinga,SP
4917cee8d902e13428c3ec4b1ca6f315,89031,blumenau,SC
5011f0d93373a4c5753adf58ca77af8d,11013,santos,SP
50c9975695009e5e6473912e83a6d1da,35530,claudio,MG
7aa4334be125fcdd2ba64b3180029f14,18500,laranjal paulista,SP
b14db04aa7881970e83ffa9426897925,18048,sorocaba,SP
a3e9a2c700480d9bb01fba070ba80a0e,14940,ibitinga,SP
516e7738bd8f735ac19a010ee5450d8d,22230,rio de janeiro,RJ
9f505651f4a6abe901a56cdc21508025,04102,sao paulo,SP
7142540dd4c91e2237acb7e911c4eba2,16301,penapolis,SP
a3a38f4affed601eb87a97788c949667,89204,joinville,SC
744dac408745240a2c2528fb1b6028f3,83408,colombo,PR
9b013e03b2ab786505a1d3b5c0756754,11450,vicente de carvalho,SP
8b9d6eec4a7eb7d0f9d579ce0b38324d,26562,mesquita,RJ
79ebd9a61bac3eaf882805ed4ecfa12a,85802,cascavel,PR
5f3ae9136c875522250f8184f253413a,01550,sao paulo,SP
8e6d7754bc7e0f22c96d255ebda59eba,12233,sao jose dos campos,SP
cbd996ad3c1b7dc71fd0e5f5df9087e2,15081,sao jose do rio preto,SP
8daab2245ebdc277c51098d01c5ad8ef,08411,sao paulo,SP
6989574bd97d9773f10d232b6c07da59,80040,curitiba,PR
5f2684dab12e59f83bef73ae57724e45,05125,sao paulo,SP
8b321bb669392f5163d04c59e235e066,01212,sao paulo,SP
004c9cd9d87a3c30c522c48c4fc07416,14940,ibitinga,SP
3bdff180c7e1f6551a643b99c265a120,04811,sao paulo,SP
aced59e9b31ef866a94f9e7f29d8d418,03306,sao paulo,SP
b4f8921fcc4ff77b66bea6dda43dcd51,95034,caxias do sul,RS
5194c22ed1f616ec0c0f33c571542879,37540,santa rita do sapucai,MG
cab85505710c7cb9b720bceb52b01cee,02252,sao paulo,SP
8c3b533c63cca56240f94f1e3a6b18ef,31050,belo horizonte,MG
1fdc574883ef3b33ad41562d93f3a74a,13480,limeira,SP
9a03a4e9eb0b947652fae4f6121a3f5e,15805,catanduva,SP
6cd68b3ed6d59aaa9fece558ad360c0a,31255,belo horizonte,MG
3df020b72d3d44b3af9d110fa3940b65,15704,jales,SP
537eb890efff034a88679788b647c564,20270,rio de janeiro,RJ
cea729054f157f5870bdd321a958d994,03161,sao paulo,SP
955fee9216a65b617aa5c0531780ce60,04782,sao paulo,SP
0f0c984a4a955310903b6b6008660bad,14403,franca,SP
751bdc4d83a466c7206cd42e8f426b03,09405,ribeirao pires,SP
6a53b90c3ad9e0b56d9fe5c69165fff5,82220,curitiba,PR
fc4751cfe3b279c419615b9b00c1abb4,86047,londrina,PR
1fe5540d7c1c37a595fefbacd5570d9e,25850,paraiba do sul,RJ
ceaec5548eefc6e23e6607c5435102e7,03821,sao paulo,SP
e9bc59e7b60fc3063eb2290deda4cced,87083,maringa,PR
cb8bcce248bb1fb274ba762d8b971456,37540,santa rita do sapucai,MG
b6d44737c043328708f6749c2dbe50bd,09230,santo andre,SP
972d0f9cf61b499a4812cf0bfa3ad3c4,88359,brusque,SC
cfb1a033743668a192316f3c6d1d2671,18110,votorantim,SP
f25e239052084705e17a982bc600ab2a,01123,sao paulo,SP
d1ef48b38baca7e831711c4a0aeb398f,86800,apucarana,PR
259f7b5e6e482c230e5bfaa670b6bb8f,08550,poa,SP
f457c46070d02cadd8a68551231220dd,87047,maringa,PR
1f50f920176fa81dab994f9023523100,15025,sao jose do rio preto,SP
3d0cd21d41671c46f82cd11176bf7277,89217,joinville,SC
f7ba60f8c3f99e7ee4042fdef03b70c4,09628,sao bernardo do campo,SP
002100f778ceb8431b7a1020ff7ab48f,14405,franca,SP
eebb3372362aa9a46975164bed19a7e7,04578,sao paulo,SP
f84a00e60c73a49e7e851c9bdca3a5bb,20756,rio de janeiro,RJ
e5a38146df062edaf55c38afa99e42dc,01233,sao paulo,SP
f45122a9ab94eb4f3f8953578bc0c560,13419,piracicaba,SP
6481e96574816ead57975da2c0f6d80d,18072,sorocaba,SP
e8dba4d70f7f2b20e775d09cae01142d,13456,santa barbara d oeste,SP
48436dade18ac8b2bce089ec2a041202,27277,volta redonda,SP
1554a68530182680ad5c8b042c3ab563,37580,monte siao,MG
fc38b5dceee1a730fad8853453437fbd,13073,campinas,SP
ede0c03645598cdfc63ca8237acbe73d,14092,ribeirao preto,SP
ef0ace09169ac090589d85746e3e036f,24451,sao goncalo,RJ
87142160b41353c4e5fca2360caf6f92,90230,porto alegre,RS
289cdb325fb7e7f891c38608bf9e0962,31570,belo horizonte,SP
9d681c7e12db302cb261e721040dde65,80330,curitiba,PR
fa1c13f2614d7b5c4749cbc52fecda94,13170,sumare,SP
bf100ecb7997df312b285358fb32f92c,83070,sao jose dos pinhais,PR
3504c0cb71d7fa48d967e0e4c94d59d9,09350,maua,SP
fbc14c0cf93505ef89f64665ffa4a7b5,14150,serrana,SP
96493fab2fbb13a14d0c0e8772eef5c3,05537,sao paulo,SP
d4ffeb15b67e81ff9af2b4252d99fb7e,12943,atibaia,SP
f76a3b1349b6df1ee875d1f3fa4340f0,03275,sao paulo,SP
99eaacc9e6046db1c82b163c5f84869f,14400,franca,SP
8603f0038fe0e52fedd3382d266723de,88495,garopaba,SC
d98eec89afa3380e14463da2aabaea72,90010,porto alegre,RS
93b9a99027bd8bd6af682aff18dd19bf,07600,mairipora,SP
c3cfdc648177fdbbbb35635a37472c53,80610,curitiba,PR
2138ccb85b11a4ec1e37afbd1c8eda1f,08250,sao paulo,SP
f46490624488d3ff7ce78613913a7711,07194,guarulhos,SP
ad420dd0c4f92f8af951ac24b86d0cf5,38230,fronteira,MG
e8b4225284fbb02d16f200513f1f395d,14960,novo horizonte,SP
f61c63d13f7cd800549d5acdd390ae72,18185,pilar do sul,SP
c8b0e2b0a7095e5d8219575d5e7e1181,08598,itaquaquecetuba,SP
391fc6631aebcf3004804e51b40bcf1e,14940,ibitinga,SP
e59aa562b9f8076dd550fcddf0e73491,82810,curitiba,PR
e9779976487b77c6d4ac45f75ec7afe9,11701,praia grande,SP
73a63f72308aa20a46f4b1632018f196,82510,curitiba,PR
f62d7bb4a613ec758a03342d46b580b2,36570,vicosa,MG
55a5b51f93f2b70ea513f5a047b0262a,36301,sao joao del rei,MG
8a432f4e5b471f8da497d7dc517666e2,19042,presidente prudente,SP
20a8b0dc55da94fe74d112082427c84f,13312,itu,SP
bfd27a966d91cfaafdb25d076585f0da,13930,serra negra,SP
04e38a233f726ef161074ab1c9b0399a,01239,sao paulo,SP
42b729f859728f5079499127a9c2ef37,03910,sao paulo,SP
9c0e69c7bf2619675bbadf47b43f655a,12230,sao jose dos campos,SP
6edacfd9f9074789dad6d62ba7950b9c,07135,guarulhos,SP
3e8bd881d92466e63ba9e3e809cd3c50,20751,rio de janeiro,RJ
ccf8813e5a7d6c84d865cd38bfc2b130,12080,taubate,SP
8d956fec2e4337affcb520f56fd8cbfd,09780,sao bernardo do campo,SP
e5a3438891c0bfdb9394643f95273d8e,13483,limeira,SP
138dbe45fc62f1e244378131a6801526,02215,sao paulo,SP
5058e8c1e82653974541e83690655b4a,08583,itaquaquecetuba,SP
9674754b5a0cb32b638cec001178f799,04438,sao paulo,SP
d3dcf0604eabf0224fbd5948b5e02f69,03654,sao paulo,SP
49067458c68f7701fd334ce326accbe0,36050,juiz de fora,MG
dfa0c4c6229ab200a4a1336b4d7128ff,88085,florianopolis,SC
2cb6eb1b7185064167657fa09f541105,34710,sabara,MG
6c7d50c24b3ccd2fd83b44d8bb34e073,19025,presidente prudente,SP
3faf68a3b0af94b10bac70d86077be49,13825,holambra,SP
05feb94f19d094d4b0f9281f0b1d4c99,08752,mogi das cruzes,SP
5cbbd5a299cab112b7bf23862255e43e,83324,pinhais,PR
ca3bd7cd9f149df75950150d010fe4a2,04361,sao paulo,SP
323ce52b5b81df2cd804b017b7f09aa7,03306,sao paulo,SP
b6f52e346160519c24a23af05410ad32,01254,sao paulo,SP
1caf283236cd69af44cbc09a0a1e7d32,26020,nova iguacu,RJ
ba90964cff9b9e0e6f32b23b82465f7b,07140,guarulhos,SP
20d83f3ef0e6925fd74bfd59170babf7,02804,sao paulo,SP
32b8764b4ef628b53608fc34011fcc13,88504,lages,SC
0432ead42b6c8a0bdf68154add917fdf,09320,maua,SP
f680f85bee2d253556ac91be391d2c82,06365,carapicuiba,SP
3785b653b1b82de85ab47dd139938091,85640,ampere,PR
7ea5bfa6c340f58f8e71fc1f0412b0d6,30180,belo horizonte,MG
c54679b132454625907c773d273d4126,11443,guaruja,SP
1a3df491d1c4f1589fc2b934ada68bf2,89224,joinville,SC
6560211a19b47992c3666cc44a7e94c0,05849,sao paulo,SP
70b52a4cfc823994561b00bad161b4ed,02727,sao paulo,SP
0b90b6df587eb83608a64ea8b390cf07,87025,maringa,PR
febab0275244b9a49a623f0bd613ca2f,13920,pedreira,SP
f3da5b2ff499efb8d4a6d371d175d7dd,02407,sao paulo,SP
45213867cefbf2cd4c6177e10216a951,13603,araras,SP
a420f60ff1aa9acc80d0e42959f2b313,05138,sao paulo,SP
916748bc99315c2d202898ae58b1617e,18040,sorocaba,SP
02c988090b766852e088c69d7fb3b551,13473,americana,SP
e63e8bfa530fb16910dd6956e592bb81,07160,guarulhos,SP
d7485b33791774c36108f8c69602d48d,81020,curitiba,PR
2646baaf662d4d92ac48f047e35db92d,03303,sao paulo,SP
13fa2a6c6b9d0f43cb588d7c82117a12,03567,sao paulo,SP
5343d0649eca2a983820bfe93fc4d17e,09270,santo andre,SP
640e21a7d01df7614a3b4923e990d40c,14940,ibitinga,SP
d57e18d5f73c7ccb7f7339b61166898d,03613,sao paulo,SP
dd2bdf855a9172734fbc3744021ae9b9,31255,belo horizonte,MG
933446e9a59dece7ae9175103820ca8f,81730,curitiba,PR
4aba391bc3b88717ce08eb11e44937b2,45816,arraial d'ajuda (porto seguro),BA
fcba71d4d5db057f43249145e4eb1e27,13481,limeira,SP
715bbd5ba4e6b74cb0d2f29eb45058b0,13930,serra negra,SP
1430239a858e7682bbc43b20758af153,04087,sao paulo,SP
edc518ba25576a0188a0e8f2c3af186f,07023,guarulhos,SP
4c18691b6037662be2df78a765d98ab5,03167,sao paulo,SP
8f2b51a30523cdecddc2f179f351c7d6,04833,sao paulo,SP
95f83f51203c626648c875dd41874c7f,37564,borda da mata,MG
6b243f80ed07b10f0e8aa0f21a205f3c,81825,curitiba,PR
e7f3bf1ecd8526eb7f3b18059e6716e5,11680,ubatuba,SP
2089a6d640999f9b9141ac719b2af596,13566,sao carlos,SP
698f5fa55a5f73d0740e9d9a773e8093,20751,rio de janeiro,RJ
4f0d637c1197fd65405ebd755ac9f86b,06768,taboao da serra,SP
b32be1695eb7ec5f10f72d9610a12527,95012,caxias do sul,RS
53243585a1d6dc2643021fd1853d8905,42738,lauro de freitas,BA
7b1222c3624aa89b9558b50a2594188c,15041,sao jose do rio preto,SP
b8114f2f589a6804810f04f99b36b498,09633,sao bernardo do campo,SP
dee656f0f566ed1aa85bd137c943f08f,12701,cruzeiro,SP
d673a59aac7a70d8b01e6902bf090a11,14940,ibitinga,SP
966cb4760537b1404caedd472cc610a5,09920,diadema,SP
f3b80352b986ab4d1057a4b724be19d0,71200,brasilia,DF
0307f7565ff85b299b6e5ef162b1b1a9,15085,sao jose do rio preto,SP
ed4311e67debd72b8610a5347a743087,07170,guarulhos,SP
cd68562d3f44870c08922d380acae552,14050,ribeirao preto,SP
4e92348462c75b6c842b994ce84a0ed4,94930,cachoeirinha,RS
723cd880edaacdb998898b67c8f9da30,14940,ibitinga,SP
00ee68308b45bc5e2660cd833c3f81cc,03333,sao paulo,SP
701938c450705b8ae65fc923b70f35c7,15014,s jose do rio preto,SP
f5f1f2c5f923f36ad79ea1d07185ddc9,19820,taruma,SP
59b22a78efb79a4797979612b885db36,38414,uberlandia,MG
ea8482cd71df3c1969d7b9473ff13abc,04160,sao paulo,SP
5b925e1d006e9476d738aa200751b73b,04567,sao paulo,SP
fe2032dab1a61af8794248c8196565c9,13030,campinas,SP
3092c0b297aacfb4bb6e056ebe13b9b8,07402,aruja,SP
1cbd32d00d01bb8087a5eb088612fd9c,03363,sp / sp,SP
4049512728d969bec69f84088b012416,30310,belo horizonte,MG
4e17c65a516f69d023a2ae78b84f28d6,08673,suzano,SP
a8739afb32aaa45e01815ca76f76f54b,09850,sao bernardo do campo,SP
12b9676b00f60f3b700e83af21824c0e,95780,montenegro,RS
ef2fbc2b607d8492bcffe657a4645434,20051,rio de janeiro,RJ
4ebdc7e6cd6102a022dadc49156d4ea8,05030,sao paulo,SP
f918546be4bec7104d117789ba758b2b,05634,sao paulo,SP
612170e34b97004b3ba37eae81836b4c,93542,novo hamburgo,RS
2a84855fd20af891be03bc5924d2b453,30111,belo horizonte,MG
cf2384dd2f1dddea3f838efed0945e65,13930,serra negra,SP
4b9750c8ad28220fe6702d4ecb7c898f,13484,limeira,SP
2059c39f76271d4ca3f15b5ffaccc8b8,81930,curitiba,PR
8cbac7e12637ed9cffa18c7875207478,89254,jaragua do sul,SC
fdb9095204a334cd8872252ffec6f2db,03331,sao paulo,SP
cb5df0dcb9e280b1780e9d589889f2c7,15115,bady bassitt,SP
2dee2ce60de9709b1a24083217181a1f,78552,sinop,MT
f84fa566034f5e8e880a07ec624c56af,13330,indaiatuba,SP
4c1c7281388a33dd06daac44f9fadbd1,17510,marilia,SP
851773c885feb5e2da3b4f82bc2b17ce,18683,lencois paulista,SP
aafe36600ce604f205b86b5084d3d767,88115,sao jose,SC
5b07547f10dd980738a1a27f685af669,07013,guarulhos,SP
b0f2a6122a90a93eb03e68653dd960e3,80710,curitiba,PR
a888faf2d1baececa6baf9c3d603ee1f,87502,umuarama,PR
31be790e64fc99f8ff48ec2bd18a3104,09690,sao bernardo do campo,SP
41b39e28db005d9731d9d485a83b4c38,09220,santo andre,SP
809413606dbfe5deefd2db646693ef67,04602,sao paulo,SP
001cca7ae9ae17fb1caed9dfb1094831,29156,cariacica,ES
2eb70248d66e0e3ef83659f71b244378,13101,campinas,SP
c6bda72e4dbf5c5866b13cb1810c6d03,03087,sao paulo,SP
e882b2a25a10b9c057cc49695f222c19,25963,teresopolis,RJ
f4a04f7be452aa3bb31760bf00055dd0,09010,santo andre,SP
dbc22125167c298ef99da25668e1011f,37564,borda da mata,MG
d91fb3b7d041e83b64a00a3edfb37e4f,11704,praia grande,SP
688756f717c462a206ad854c5027a64a,07094,guarulhos,SP
c864036feaab8c1659f65ea4faebe1da,83605,campo largo,PR
ba143b05f0110f0dc71ad71b4466ce92,02274,sao paulo,SP
5f5b43b2bffa8656e4bc6efeb13cc649,04880,sao paulo,SP
d9bd94811c3338dceb4181f3dbc0c73e,04186,sao paulo,SP
dbd66278cbfe1aa1000f90a217ca4695,05588,sao paulo,SP
e7d5b006eb624f13074497221eb37807,09291,santo andre,SP
63b464dbf392c7b80d12d932fa7cafed,02034,sao paulo,SP
7c67e1448b00f6e969d365cea6b010ab,08577,itaquaquecetuba,SP
66dc1b1632bd6a3e508510c5b3492107,17210,jau,SP
91f0eec23d4a61d7d7caeefa3f0ad1ca,88704,tubarao,SC
b335c59ab742f751a85db9c411a86739,38442,araguari,MG
01fdefa7697d26ad920e9e0346d4bd1b,86050,londrina,PR
d9e8c084b68fe958861d8f2c21202e6b,05528,sao paulo,SP
cfa5ab0e4d3fc212fd0b3410e7081c62,36500,uba,MG
6750d71153f00fc58829af2a8ef1bcf1,28800,rio bonito,RJ
c60b801f2d52c7f7f91de00870882a75,07174,guarulhos,SP
f049a72cf58fd31b11f8919cade515e7,01023,sao paulo,SP
4bf2f4ee540798a61f9636d12cd9cc80,19814,assis,SP
25e6ffe976bd75618accfe16cefcbd0d,05503,sao paulo,SP
2c9005d8043aff18b8557ffb7b13cda4,29304,cachoeiro de itapemirim,ES
062c325cd6a2b87845fab56b4ec2eeae,08150,sao paulo,SP
1d8dbc4f32378d715c717c1c1fc57bae,86706,arapongas,PR
fc906263ca5083d09dce42fe02247800,31030,belo horizonte,MG
1d2732ef8321502ee8488e8bed1ab8cd,20031,rio de janeiro,RJ
184725737946a1a938bbbd1a9e978103,09370,maua,SP
e96498ed8daaa3e9c23f7a62da76591c,05373,sao paulo,SP
bacb1f0ed56ad24198f5810d2b3fe9a5,12328,jacarei,SP
de0c78824586e9a5f5f04fd84e25df39,06730,vargem grande paulista,SP
128639473a139ac0f3e5f5ade55873a5,87050,maringa,PR
0791d9fc1e30678ecf03d3e55fa108d3,30775,belo horizonte,MG
7a241947449cc45dbfda4f9d0798d9d0,37590,jacutinga,MG
7e1fb0a3ebfb01ffb3a7dae98bf3238d,14403,franca,SP
376a891762bbdecbc02b4b6adec3fdda,74323,goiania,GO
1dfe5347016252a7884b694d4f10f5c4,14940,ibitinga,SP
25c5c91f63607446a97b143d2d535d31,35680,itauna,MG
d2374cbcbb3ca4ab1086534108cc3ab7,14940,ibitinga,SP
1eade46fba20122dc4aefb379f8c636b,02066,sao paulo,SP
40d54b51e962dbe09cabbcfd33298dee,09230,santo andre,SP
70c27847eca8195c983ed7e798c56743,20930,rio de janeiro,RJ
05d2173d43ea568aa0540eba70d2ca76,37135,alfenas,MG
101a3a003516bc11253298b2fad3cb65,13503,rio claro,SP
b839e41795b7f3ad94cc2014a52f6796,09541,sao caetano do sul,SP
a3b0df0065e264a91b7bbf5f844af5cd,09721,sao bernardo do capo,SP
0dd184061fb0eaa7ca37932c68ab91c5,07031,guarulhos,SP
1d29dfba02015238dfbe2449a5eaa361,36576,vicosa,MG
ad273c9eb54ecb4532de4bf75bae9e4e,80420,curitiba,PR
c3867b4666c7d76867627c2f7fb22e21,14580,guara,SP
0bae85eb84b9fb3bd773911e89288d54,88301,itajai,SP
df91910b6a03bb2e3358fa6a35e32f6f,09560,sao paulo,SP
08633c14ef2db992c11f840f04fad4cd,09416,ribeirao pires,SP
5b8154610ebb21fb90eb587365e673df,12246,sao jose dos campos,SP
17ca9b9e9b9ef8fdb529001b49ebb50f,32677,betim,MG
9add47bf45ce8e8c7db6b9cf670b1e09,83830,fazenda rio grande,PR
f262cbc1c910c83959f849465454ddd3,03564,sao paulo,SP
8f580d36c1e9d6fbce95283403c7d447,14090,ribeirao preto,SP
daf565f087a52def0fd5c5825b3661bc,88350,brusque,SC
d0d70d21e2234dd7cd3cf63fe414148a,58865,sao bento,PB
06e5eefc71ec47ae763c5c6f8db7064f,91350,porto alegre,RS
2a6fbeaa7ab9e5d59a35841a8da71ce4,89259,jaragua do sul,SC
77fccaae319668a8ab6cd0fd16aec48c,28035,campos dos goytacazes,RJ
86bf77bdb52e615674772d5817c6212f,94410,viamao,RS
6860153b69cc696d5dcfe1cdaaafcf62,13360,capivari,SP
903037660cf848a717166eb7a06d616e,05734,sao paulo,SP
f08c008c8a8d31417763738a1788a2a8,85875,santa terezinha de itaipu,PR
bf3c6d2a28b2b5501e6c15448982dcc9,04180,sao paulo,SP
066a6914e1ebf3ea95a216c73a986b91,85863,foz do iguacu,PR
6d66611d7c44cc30ce351abc49a68421,04378,sao paulo,SP
3d8fa2f5b647373c8620330c4e077a9f,03031,sao paulo,SP
76d5af76d0271110f9af36c92573f765,03194,sao paulo,SP
729f06993dac8e860d4f02d7088ca48a,13481,limeira,SP
cc419e0650a3c5ba77189a1882b7556a,09015,santo andre,SP
7008613ea464bad5cb9b83456e1e6a8f,89460,canoinhas,SC
c4fb51fb1c5b7c07bc5e67be6e7e8f6e,80060,curitiba,PR
6b3bd31ad8fcda4b2635ec9f3ff2ecdf,22775,rio de janeiro,RJ
ce248b21cb2adc36282ede306b7660e5,89251,jaragua do sul,SC
7ad32824caee82087b3e2e5f33b1bf32,14940,ibitinga,SP
de722cd6dad950a92b7d4f82673f8833,51250,recife,PE
45ba18c210d42734ec52c0c1c574e9ee,18130,sao roque,SP
dc317f341ab0e22f39acbd9dbf9b4a1f,94910,cachoeirinha,RS
52b53f7061969fe471d119b6195da864,88301,itajai,SP
1b8356dabde1d35e17cef975c3f82730,03477,sao paulo,SP
54965bbe3e4f07ae045b90b0b8541f52,85851,foz do iguacu,PR
6039e27294dc75811c0d8a39069f52c0,06162,osasco,SP
3492e68f37fd1df87f4f2f2ea247f445,13322,salto,SP
05ff92fedb5be47920fea08e501238b9,98803,santo angelo,RS
916c9de0b5ad957346eeeb12f332687e,80240,curitiba,PR
c68fb906c8f4b4b946d8386bfa6e5467,14870,jaboticabal,SP
10076e5788b8ee532724bcd460baf762,14315,batatais,SP
e9c6969d40e6a3d2d0f90013165c2b98,03448,sao paulo,SP
f0b47fbbc6dee9aafe415a6e33051b3f,09360,maua,SP
2c9e548be18521d1c43cde1c582c6de8,08752,mogi das cruzes,SP
c31eff8334d6b3047ed34bebd4d62c36,13322,salto,SP
822166ed1e47908f7cfb49946d03c726,25803,tres rios,RJ
b2ba3715d723d245138f291a6fe42594,03470,sao paulo,SP
31344c16881c08a8a72c6d2eb29918c1,36500,uba,MG
8931a84a914b3fe9b1ddaa4d704947ca,08410,sao paulo,SP
7681ef142fd2c19048da7430856b5588,07074,guarulhos,SP
7ddcbb64b5bc1ef36ca8c151f6ec77df,04403,sao paulo,SP
a218df5c097b0ca409cfaac1488cc7f6,14806,araraquara,SP
bd0389da23d89b726abf911cccc54596,71691,brasilia,DF
855668e0971d4dfd7bef1b6a4133b41b,13257,itatiba,SP
1c68394e931a64f90ea236c5ea590300,87114,sarandi,PR
e62b2d6ac10570a035a30bafcf01d263,05767,sao paulo,SP
f63d8f293af3a6454377546bd9dd19ff,18110,votorantim,SP
6bb0724edf0b62fb91ac404873a97241,06700,cotia,SP
77530e9772f57a62c906e1c21538ab82,80310,curitiba,PR
297d5eccd19fa9a83b2630071ff105e4,80710,curitiba,PR
ff69aa92bb6b1bf9b8b7a51c2ed9cf8b,08140,sao paulo,SP
65b081a070633e057c462abdd6fb9dd8,75650,morrinhos,GO
75fbb52eda0cbc24f479d3b2fbfa8d3e,74560,goiania,GO
a08692680c77d30a0b4280da5df01c5a,04719,sao paulo,SP
dd533b429f380718b70ad9922c294bae,14781,barretos,SP
582d4f8675b945722eda7c0cb61ba4c7,11250,bertioga,SP
94144541854e298c2d976cb893b81343,94451,viamao,RS
bf84056e679dbe9c69929847a40e338f,02537,sao paulo,SP
1c129092bf23f28a5930387c980c0dfc,02972,sao paulo,SP
3afc536624bc2e65bddfb5db33cc01f3,30150,belo horizonte,MG
602044f2c16190c2c6e45eb35c2e21cb,14940,ibitinga,SP
b499c00f28f4b7069ff6550af8c1348a,13481,limeira,SP
fad44952713764836814be105382aee5,21340,rio de janeiro,RJ
624f4ece8da4aafb77699233d480f8ef,05138,sao paulo,SP
95e03ca3d4146e4011985981aeb959b9,21210,rio de janeiro,RJ
df560393f3a51e74553ab94004ba5c87,87900,loanda,PR
834f3294fba9f932f56edc879193f925,14808,araraquara,SP
6c177e38df6d3f34182b1f1d427231bf,80430,curitiba,PR
381c83fdca332ea6afd896da20bf6e4a,80010,curitiba,PR
6fd52c528dcb38be2eea044946b811f8,08180,sao paulo,SP
20cb7c2fde3e5bf10f0bbe7394e1c6a9,86385,andira-pr,PR
f7720c4fa8e3aba4546301ab80ea1f1b,81350,curitiba,PR
7b7f91e98f8c6def45a1407923304402,06154,osasco,SP
4c2b230173bb36f9b240f2b8ac11786e,03933,sao paulo,SP
81336a0f57a33776419727a300249e90,13560,sao carlos,SP
02f623a8eb246f3c5f7c2f96462654e6,18611,botucatu,SP
5d0363b33554b373851fc1622e4d5f3c,12952,atibaia,SP
013900e863eace745d3ec7614cab5b1a,80740,curitiba,PR
17a053fcb14bd219540cbde0df490be0,13843,mogi guacu,SP
7f2617c58d5d06806987308b45654351,04571,sao paulo,SP
cac63f48c38cd7d002a7e846dcd99a23,13170,sumare,SP
f00e21b1e91a79653163b7fd8f293ff1,37795,andradas,SP
cc5a78bbad32776dc4e3af205218368c,35501,divinopolis,MG
3f9c56764fabca627406093dcb3ef0b4,22745,rio de janeiro,RJ
4e922959ae960d389249c378d1c939f5,12327,jacarei,SP
78744a20ee2f80ba64f6804c25def2b8,50751,recife,PE
94e93ce877be27a515118dbfd2c2be41,15502,votuporanga,SP
8581055ce74af1daba164fdbd55a40de,07112,guarulhos,SP
9485a23c0430ba1d58d359391606fce6,09015,santo andre,SP
c33847515fa6305ce6feb1e818569f13,88359,brusque,SC
ade45994b717ccee333492330fbf037b,87505,umuarama,PR
2a7dc43cecabf23403078e2188437d1d,04142,sao paulo,SP
a3f0b55de503387383c7b1de3ad7f678,82400,curitiba,PR
821fb029fc6e495ca4f08a35d51e53a5,02030,sao paulo,SP
19e0f40a907ec568c34bfac15de4f4a1,13478,americana,SP
ecccfa2bb93b34a3bf033cc5d1dcdc69,81810,curitiba,PR
c66dccfb3f109511246da627dd5a2498,11900,registro,SP
d921b68bf747894be13a97ae52b0f386,35570,formiga,MG
c8417879a15366a17c30af34c798c332,04445,sao paulo,SP
989becdce12ebc39863c2bceab6f3ca1,81730,curitiba,PR
2528513dd95219a6013d4d05176e391a,06060,osasco,SP
77a515caa36327151d1cc6c32a9f00e1,09912,diadema,SP
32fdd5d44ecb43dfd6a24b9369eca144,35557,carmo do cajuru,MG
5b179e9e8cc7ab6fd113a46ca584da81,05424,sao paulo,SP
834f8533b2ecb6598dd004ff3de7203a,05181,sao paulo,SP
730937bf88cb151eb2eb849f642fc213,13500,rio claro,SP
cc3d14116804f7209f3884f6367f1152,82940,curitiba,PR
440dd6ab244315c632130ecfb63827b1,15502,votuporanga,SP
66fd84ee7528c0c0de85d0f44a73d5ab,98975,campina das missoes,RS
45d33f715e24d15a6ccf5c17b3a23e3c,18015,sorocaba,SP
c33a5c3c983090c8b78a28e65052a20d,88802,criciuma,SC
16090f2ca825584b5a147ab24aa30c86,12940,atibaia,SP
b561927807645834b59ef0d16ba55a24,02955,sao paulo,SP
e06f09ec0a4aca210779cf1cfc63cf19,04773,sao paulo,SP
da6a60cc8cc724fe51be021ff8be779c,28941,sao pedro da aldeia,RJ
213b25e6f54661939f11710a6fddb871,13321,salto,SP
56642bcb79900e777d68e91915cb4267,03701,sao paulo,SP
8a130737016f838139d31878787a39c9,03187,sao paulo,SP
850f4f8af5ea87287ac68de36e29107f,04367,sao paulo,SP
643214e62b870443ccbe55ab29a4dccf,02134,sao paulo,SP
ce27a3cc3c8cc1ea79d11e561e9bebb6,03006,sao paulo,SP
0241d4d5d36f10f80c644447315af0bd,80330,curitiba,PR
f4db9b37944bcb8873e6b456ee190bbf,08599,itaquaquecetuba,SP
e64d65bc8dbec2accda90c58de5d1246,13500,rio claro,SP
897060da8b9a21f655304d50fd935913,14092,ribeirao preto,SP
b494891378bd8f4560abe576c52deacd,04160,sao paulo,SP
14d7985702e72162bbf13b6beb74ab2b,09131,santo andre,SP
9616352088dcf83a7c06637f4ebf1c80,87504,umuarama,PR
f08a5b9dd6767129688d001acafc21e5,90230,porto alegre,RS
afa6714acee029b2dfdf357e5579cc03,13690,descalvado,SP
520b493b57809f446cb0a233bb3e25c7,11075,santos,SP
0ef83d7d83ed97cd2a0049ac8be5f88a,80230,curitiba,PR
d13e50eaa47b4cbe9eb81465865d8cfc,09210,santo andre,SP
5c6d4016c2a288f074fa0848a2b653d2,01209,sao paulo,SP
da8622b14eb17ae2831f4ac5b9dab84a,13405,piracicaba,SP
710e3548e02bc1d2831dfc4f1b5b14d4,86600,rolandia,PR
9d4db00d65d7760644ac0c14edb5fd86,18025,sorocaba,SP
1dcfa3835714681d4ba4a93bc1e0fd41,16200,birigui,SP
30a2f535bb48308f991d0b9ad4a8c4bb,13457,santa barbara d'oeste,SP
1336efc61c316ddf92c899eb817f7cae,19800,assis,SP
620c87c171fb2a6dd6e8bb4dec959fc6,25645,petropolis,RJ
b64d51f0435e884e8de603b1655155ae,07077,garulhos,SP
4c8b8048e33af2bf94f2eb547746a916,14940,ibitinga,SP
88460e8ebdecbfecb5f9601833981930,87030,maringa,PR
7d76b645482be4a332374e8223836592,01511,sao paulo,SP
cac4c8e7b1ca6252d8f20b2fc1a2e4af,13347,indaiatuba,SP
cc63f0dd2acba93ffed4fe9f8e0321fa,15025,sao jose do rio preto,SP
b29d3380981c51df13fc6fbe87e1763d,14057,ribeirao preto,SP
dbec9a0a7efeff029d4d9dce7dc4cc95,31920,belo horizonte,MG
7aa538dd6e114e503a2e6154ea352253,15807,catanduva,SP
06a2c3af7b3aee5d69171b0e14f0ee87,65072,sao luis,MA
2e90cb1677d35cfe24eef47d441b7c87,02285,sao paulo,SP
d05ae8f7a5bd1d2a690a44cd079e4e27,22775,rio de janeiro,RJ
508808d438fe2ff972ed13bb8f4a82e2,03963,sao paulo,SP
c794dab4928dd97beb41d05514441e86,13160,artur nogueira,SP
1f7fd2a6fcd5a6fa5d8a4dabc72aaae0,95800,venancio aires,RS
c878515173c84a492ebe50d6b493230b,85880,itaipulandia,PR
2e1c9f22be269ef4643f826c9e650a52,04850,sao paulo,SP
00fc707aaaad2d31347cf883cd2dfe10,87025,maringa,PR
d1c281d3ae149232351cd8c8cc885f0d,14940,ibitinga,SP
f80edd2c5aaa505cc4b0a3b219abf4b8,03431,sao paulo,SP
8629c241b3622ac12cd4118afdc8d394,14090,ribeirao preto,SP
3ade81dab5a172b88e1871c28ae05260,15076,sao jose do rio preto,SP
562fc2f2c2863ab7e79a9e4388a58a14,13070,campinas,SP
7dc8c42cc750eeafea6c85712ffee9bf,05424,sao paulo,SP
960945e1a9535cbc0cd6ddd35fbe7ae8,08290,sao paulo,SP
5a8e7d5003a1f221f9e1d6e411de7c23,13076,campinas,SP
5d3bb11474a06bdc23fb9e89f1164ee0,19804,assis,SP
c35affa65afd250151285c5917fc1c8a,08050,sao paluo,SP
1352e06ae67b410cdae0b2a22361167b,26051,rio de janeiro,RJ
3bb548e3cb7f70f28e3f11ee9dce0e59,87040,maringa,PR
522620dcb18a6b31cd7bdf73665113a9,85801,cascavel,PR
e5c84227854980f1db19a58958c551d9,83823,fazenda rio grande,PR
ce7d1888639e6fb06b2749cbfdac1ff7,37443,baependi,MG
85d9eb9ddc5d00ca9336a2219c97bb13,31255,belo horizonte,MG
c8b3445d737de6befde0c88ede534a5e,05734,sao paulo,SP
eb5b6204dde3a6e03b5f1bb8479f055b,06900,embu guacu,SP
11bfa66332777660bd0640ee84d47006,14085,ribeirao preto,SP
dc4a0fc896dc34b0d5bfec8438291c80,14940,ibitinga,SP
b9ca8e8baa5d4aa038394a700f63e69f,03001,sao paulo,SP
539ed9e19811677513447759be5eccfc,31520,belo horizonte,MG
e26901d5ab434ce92fd9b5c256820a4e,09350,maua,SP
aac29b1b99776be73c3049939652091d,38408,uberlandia,MG
54a1852d1b8f10312c55e906355666ee,13456,santa barbara d'oeste,SP
c826c40d7b19f62a09e2d7c5e7295ee2,07133,guarulhos,SP
113e3a788b935f48aad63e1c41dac1bd,12570,aparecida,SP
d12c926d74ceff0a90a21184466ce161,02634,sao paulo,SP
f7ccf836d21b2fb1de37564105216cc1,14940,ibitinga,SP
7e3f87d16fb353f408d467e74fbd8014,04809,sao paulo,SP
9140bd1d9de28b197dce077bdd687438,13900,amparo,SP
4830e40640734fc1c52cd21127c341d4,03573,sao paulo,SP
dbb9b48c841a0e39e21f98e1a6b2ec3e,03929,sao paulo,SP
0ed6ce5d87fd9c69eaacaeb778d67235,13473,americana,SP
6973a06f484aacf400ece213dbf3d946,12230,sao jose dos campos,SP
5f7300535881cef3b625fd683cf7d145,92020,canoas,RS
0cbcee27c791afa0cdcb08587a2013a8,37410,tres coracoes,MG
cb5ff1b9715e99589f3e0c7a6afab9e3,87060,maringa,PR
b1a81260566c1bac3114a6d124413f27,99500,carazinho,RS
080199a181c46c657dc5aa235411be3b,06097,osasco,SP
cca3071e3e9bb7d12640c9fbe2301306,14940,ibitinga,SP
d51e0a403fe2e689ece6c73359d96e12,17580,pompeia,SP
b080809eaacb49e5ca07290981472431,30431,belo horizonte,MG
8648b1e89e9b349e32d3741b30ec737e,12308,jacarei,SP
ebd2d60905fb58271facef5596b620d3,18683,lencois paulista,SP
530ec6109d11eaaf87999465c6afee01,85807,cascavel,PR
6bb62a4912377c7bfe7cb17b406bc7e6,13215,jundiai,SP
0adac9fbd9a2b63cccaac4f8756c1ca8,13290,louveira,SP
04aba03279157f6d4e0fe8ccaf21963c,28470,santo antonio de padua,RJ
7b0df942f46435babab05d49b744b2c4,12924,braganca paulista,SP
42fb44130ac3134cde8e35cf8ec7df25,12995,pinhalzinho,SP
f27e33c6d29b5138fa9967bcd445b6d5,04273,sao paulo,SP
1c40343cc5d18c2d8248ac2f3366de34,13482,limeira,SP
c9aafcd0621b2207c10e32c649cada4d,08011,sao paulo,SP
6fc26fe110feebd80a433e1f012a84f9,15601,fernandopolis,SP
e601b04acf48b4576e73ddca9481f0dc,04476,sao paulo,SP
98dac6635aee4995d501a3972e047414,02030,sao paulo,SP
a49928bcdf77c55c6d6e05e09a9b4ca5,03017,sao paulo,SP
51ed72984a04e5dd35c2b27e77179038,15050,sao jose do rio preto,SP
d624126b9206f595fb3fbb6ba03b28a8,80045,curitiba,PR
e6a69c4a27dfdd98ffe5aa757ad744bc,04424,sao paulo,SP
f181738b150df1f37cb0bd72e705b193,06317,carapicuiba,SP
bd4889b5e9133b35b66e42a8665cea5c,02963,sao paulo,SP
5ab05b6d86d417796c69ffd6774ec832,19815,assis,SP
9de4643a8dbde634fe55621059d92273,89225,joinville,SC
3be634553519fb6536a03e1358e9fdc7,08275,sao paulo,SP
04308b1ee57b6625f47df1d56f00eedf,88215,bombinhas,SC
457fe919b032a3f7dadba6fb92cf7855,13140,paulinia,SP
e883aa812c37a7413226856f4579fe91,06696,itapevi,SP
c0563dd588b775f2e37747ef6ad6c92c,09220,santo andre,SP
820cc752a266cdc6c1a1e61dd4583330,87050,maringa,PR
33a6f4b1e7cdc205511e76ba1b6e0186,07084,guarulhos,SP
7a67c85e85bb2ce8582c35f2203ad736,03426,sao paulo,SP
0ea22c1cfbdc755f86b9b54b39c16043,35700,sete lagoas,MG
be8e909810184b9b19e886129149d8e5,13418,piracicaba,SP
bbaff50f3b708fda865918715276cd87,12940,atibaia,SP
db2956745b3a8e9f3785c99f34b5d25e,11600,sao sebastiao,SP
232a6014e7b10cba61c6c2b2ea6bb4b0,16500,cafelandia,SP
712e6ed8aa4aa1fa65dab41fed5737e4,89560,videira,SC
7adbd3210a7b3cc2235e225eef33574d,02544,sao paulo,SP
edb1ef5e36e0c8cd84eb3c9b003e486d,25957,teresopolis,RJ
3c7c4a49ec3c6550809089c6a2ca9370,03804,sao paulo,SP
822bad9bc42b51213ba522fe87b7ab5d,88330,balneario camboriu,SC
48162d548f5b1b11b9d29d1e01f75a61,13403,piracicaba,SP
9646c3513289980f17226a2fc4720dbd,12215,sao jose dos campos,SP
36a968b544695394e4e9d7572688598f,11010,santos,SP
4b5f66b7adcf57f1ecc0d3c07dd6b177,87025,vendas@creditparts.com.br,PR
af4a0e4cfe1d9c26b6712b1be25a72e5,35670,mateus leme,MG
6f1a1263039c76e68f40a8e536b1da6a,03581,sao paulop,SP
8160255418d5aaa7dbdc9f4c64ebda44,14940,ibitinga,SP
ffff564a4f9085cd26170f4732393726,13070,campinas,SP
282f23a9769b2690c5dda22e316f9941,31573,belo horizonte,MG
fdaaf5bfda82b7b80535610c831b8d09,15015,sao jose do rio preto,SP
b1fc4f64df5a0e8b6913ab38803c57a9,24440,sao goncalo,RJ
a7f13822ceb966b076af67121f87b063,08577,itaquaquecetuba,SP
f0e103c63864d5405b958d984b6e94c9,06150,osasco,SP
80e6699fe29150b372a0c8a1ebf7dcc8,83323,pinhais,PR
c003204e1ab016dfa150abc119207b24,07790,cajamar,SP
5656537e588803a555b8eb41f07a944b,72015,brasilia,DF
186cdd1b2df32caa72cfb410bba768d3,89295,rio negrinho,SC
de23c3b98a88888289c6f5cc1209054a,05530,sao paulo,SP
fe49ee029e61e789a1f3a5525f57ba8d,06018,osasco,SP
e8a85b5f3df47be0984c55fd4064dbb4,71825,brasilia,DF
28f10b1c5e5abb9d4857745bede6147c,04250,sao paulo,SP
5dceca129747e92ff8ef7a997dc4f8ca,13450,santa barbara d´oeste,SP
3d871de0142ce09b7081e2b9d1733cb1,13232,campo limpo paulista,SP
51e4e89242cbb846c2deff3dc015650e,96203,rio grande,RS
86ccac0b835037332a596a33b6949ee1,89041,blumenau,SC
3340ef1913fb70d28420f6ceb685c339,87040,maringa,PR
e9d99831abad74458942f21e16f33f92,03542,sao paulo,SP
a45765f8afb1e594b22bf9e974b46765,02411,sao paulo,SP
dc8798cbf453b7e0f98745e396cc5616,05455,sao paulo,SP
abcd2cb37d46c2c8fb1bf071c859fc5b,78020,cuiaba,MT
f5a590cf36251cf1162ea35bef76fe84,09720,sao bernardo do campo,SP
1e8b33f18b4f7598d87f5cbee2282cc2,02066,sao paulo,SP
1da3aeb70d7989d1e6d9b0e887f97c23,04265,sao paulo,SP
5b67882648febfb6e1225e6ad7164f6b,87502,umuarama,PR
53e4c6e0f4312d4d2107a8c9cddf45cd,13920,pedreira,SP
d65f31d2413268e671989503f6cf9993,13160,artur nogueira,SP
5c853bb56f70f4d14218944bae111d7a,06715,cotia,SP
bba74270a87732727b5a3b4fd9ac1c39,32604,betim,MG
134a288e7de827ec5ec62e3ec9c3a295,03168,sao paulo,SP
1e8c6a4c538f286aee9573239740a4b4,13251,itatiba,SP
83645b1645cdee8953ee54c29ceed564,85875,santa terezinha de itaipu,PR
5cf13accae3222c70a9cac40818ae839,38700,patos de minas,MG
96804ea39d96eb908e7c3afdb671bb9e,38950,ibia,MG
8ae520247981aa06bc94abddf5f46d34,88370,navegantes,SC
ac3508719a1d8f5b7614b798f70af136,92030,canoas,RS
15cd6eefe58588619aaed41dfa6621b1,35400,ouro preto,MG
4a3ca9315b744ce9f8e9374361493884,14940,ibitinga,SP
6f892e20a171e98efe17fdb971ff319b,08270,sao paulo,SP
901b460cdce0c64e471230d7f2f9f3a3,90620,porto alegre,RS
634964b17796e64304cadf1ad3050fb7,21840,rio de janeiro,RJ
5795aebfe331fbcd02a2c4b679fb7952,88132,palhoca,SC
3078096983cf766a32a06257648502d1,13720,scao jose do rio pardo,SP
b33e7c55446eabf8fe1a42d037ac7d6d,14850,pradopolis,SP
218d46b86c1881d022bce9c68a7d4b15,14070,ribeirao preto,SP
813348c996469b40f2e028d5429d3495,13206,jundiai,SP
3b15288545f8928d3e65a8f949a28291,14940,ibitinga,SP
cce6ab8d1682639fe45ab70234f1665f,81020,curitiba,SP
f41ce2e25237f9092cd8e6e7516c7a2f,07013,guarulhos,SP
8e6cc767478edae941d9bd9eb778d77a,38442,araguari,MG
4992e76a42cb3aad7a7047e0d3d7e729,03334,sao paulo,SP
0afccdb8a34ee5c79f7c06faf2b4d56e,38400,uberlandia,MG
c9e5ad1f6647f5dbd1172adf6ae3cada,90240,porto alegre,RS
0b18d63d0cd1d723567903fd34a07df2,05141,sp,SP
119c7f1a00ef43fad0e57604e76a747c,02614,sao paulo,SP
bbf9ad41dca6603e614efcdad7aab8c4,60348,fortaleza,CE
8b28d096634035667e8263d57ba3368c,12243,sao jose dos campos,SP
c6218512d16fcac0af02fe92691cf274,32315,contagem,MG
bd23da7354813347129d751591d1a6e2,03971,sao paulo,SP
26785a546900236d66f2e4197c211158,08430,sao paulo,SP
35857757f553273b1056c1cabdace7fb,14020,ribeirao preto,SP
538caafddff204241cecbf3a02e6b3cf,04516,sao paulo,SP
8f2ce03f928b567e3d56181ae20ae952,05141,pirituba,SP
900ba814c251a692506d7834c1218441,13328,salto,SP
afe0067131b73e40875c9b6c10bd2e21,35590,lagoa da prata,MG
2009a095de2a2a41626f6c6d7722678d,15025,sao jose do rio preto,SP
8a32e327fe2c1b3511609d81aaf9f042,02443,sao paulo,SP
d23019c84ffae2d5ef2270367b8605fc,86073,londrina,PR
a44fb5a447105f8469bdf16bf9159f25,91920,porto alegre,RS
4869f7a5dfa277a7dca6462dcf3b52b2,14840,guariba,SP
1c5e4e49b9079480255b49d50aac1aa9,11030,santos,SP
37515688008a7a40ac93e3b2e4ab203f,17900,dracena,SP
080102cd0a76b09e0dcf55fcacc60e05,31140,belo horizonte,MG
17306570e772e7718c92a562d33f5f1d,17250,bariri,SP
244c2f1bff6afe1f2eaf9bfe9b2aed38,08832,mogi das cruzes,SP
54065e9aef7e9e9c2dc23b7594db021a,20040,rio de janeiro,RJ
4d6d651bd7684af3fffabd5f08d12e5a,17209,jau,SP
b76dba6c951ab00dc4edf0a1aa88037e,03237,sao paulo,SP
b4ffb71f0cb1b1c3d63fad021ecf93e1,03880,sao paulo,SP
974cf2cb8f4b7add98709c30df02fe10,14802,araraquara,SP
3c487ae8f8d7542beff5788e2e0aea83,72460,gama,DF
4a3ccda38b2129705f3fb522db62ca31,17504,marilia,SP
056b4ada5bbc2c50cc7842547dda6b51,26379,queimados,RJ
34056b8b55c1775a22af2331670a799c,16304,penapolis,SP
c9c7905cffc4ef9ff9f113554423e671,06871,itapecerica da serra,SP
75d34ebb1bd0bd7dde40dd507b8169c3,41820,salvador,BA
8f54d64f28a993550aa7943f12572959,35160,ipatinga,MG
91f5779a8731baca4809fdeade81803f,27321,barra mansa,RJ
57e632711dec9ec14ca7546769483e7e,88372,navegantes,SC
cb3dd9ce66268c7a3ca7241ac70ab58c,03028,sao paulo,SP
ed9eef5be0992d413d251fadba1a410d,13845,mogi guacu,SP
33ab10be054370c254ddfcf0a6253422,22790,rio de janeiro,RJ
5ef131ac72773e5b3f6c0d63cf424657,14075,ribeirao preto,SP
c447f8dd3ed213f291d65ef074a268eb,19802,assis,SP
a5cba26a62b8b4d0145b68b841e62e7f,87303,campo mourao,PR
1025f0e2d44d7041d6cf58b6550e0bfa,03204,sao paulo,SP
827f8f69dfa529c561901c4f2e0f332f,81880,curitiba,PR
59fb871bf6f4522a87ba567b42dafecf,03655,sao paulo,SP
a1043bafd471dff536d0c462352beb48,37175,ilicinea,MG
3b872fd4747f01cc56206f2934198618,14940,ibitinga,SP
92eb0f42c21942b6552362b9b114707d,03504,sao paulo,SP
f125f3a310c2e5f822d116147de1e474,03068,sao paulo,SP
b9c0ffa92f3ff9a5a3d45ef7213c0842,08246,sao paulo,SP
5debea795b07621e1f90532e18f96145,86800,apucarana,PR
725c32fa80c2faacc4fc88450d27314e,03320,sao paulo,SP
e8b3a3a38279a82f0e5d006d5e5b7d2c,87230,jussara,PR
b17b679f4f5ce2e03ce6968c62648246,14090,ribeirao preto,SP
67225bff54a172ff67579aaf583efd78,85960,marechal candido rondon,PA
0a85ebe4e328db81ac9109781205e2f7,13205,jundiai,SP
0db783cfcd3b73998abc6e10e59a102f,11010,santos,SP
52f9db5cfb423382a2fa5c9e39303202,19830,echapora,SP
431af27f296bc6519d890aa5a05fdb11,14110,ribeirao preto,SP
53088c75f948b48a7ece173ac17f0c12,95840,triunfo,RS
0be8ff43f22e456b4e0371b2245e4d01,04461,sao paulo,SP
1835b56ce799e6a4dc4eddc053f04066,14940,ibitinga,SP
e48b04bf1aa1ef711caebeb7aede6180,80240,curitiba,PR
5c243662ce92d84573bfaff24c3e3700,03702,sao paulo,SP
fd386aa7bed2af3c7035c65506c9b4a3,04208,sao paulo,SP
dd5450b022b2d00a2145a66331e1aef6,89208,joinville,SC
41c2bad7229b0c25e6becf179ebf63ff,59020,natal,RN
4559697a8f7e637227c2eeaed843baff,19029,presidente prudente,SP
7ecd59e5e20407131822c1a68ac59c1f,70719,brasilia,DF
81a1104df0f08b59c68aa5b03cfe398e,83020,sao jose dos pinhais,PR
750303a20e9c56b2a6bc45cdce0b897d,74333,goiania,GO
f8db351d8c4c4c22c6835c19a46f01b0,13324,salto,SP
1b8b75e227c9a9c100d0c210fb6176ce,05468,sao paulo,SP
1ca7077d890b907f89be8c954a02686a,06506,santana de parnaiba,SP
d566c37fa119d5e66c4e9052e83ee4ea,04131,sao paulo,SP
2b3e4a2a3ea8e01938cabda2a3e5cc79,04733,sao paulo,SP
e333046ce6517bd8bb510291d44f0130,18950,ipaussu,SP
270297ead4c65a6cd2593960d2af6b21,04696,sao paulo,SP
17f51e7198701186712e53a39c564617,03908,sao paulo,SP
655220df33262c7e0c4949a147366f94,09951,diadema,SP
de9727ca376d1be6ec121b110aa7954c,87114,sarandi,PR
70a12e78e608ac31179aea7f8422044b,12327,jacarei,SP
25cf099de44674fde97473224f9d59ab,06716,cotia,SP
7139dc5186aa238b006e066d8fbab2e4,13901,amparo,SP
d94a40fd42351c259927028d163af842,37443,baependi,MG
6bd503a8230299c9316fb0f726933927,75650,morrinhos,GO
6288c69c4ce638e59925e59193f98b16,09010,santo andre,SP
dfc5fb7259bb2b599ca565e6e9448f0f,09780,sao bernardo do campo,SP
2bf6a2c1e71bbd29a4ad64e6d3c3629f,28615,nova friburgo,RJ
8ab42aa58097fd4668d60cc648225d5f,74150,goiania,GO
fe701d88b67eaca109dffd464d1be9f9,24900,marica,RJ
46dc3b2cc0980fb8ec44634e21d2718e,22240,rio de janeiro,RJ
58f1a6197ed863543e0136bdedb3fce2,36407,conselheiro lafaiete,MG
165fc07beebdcb6190fba8a06db2a449,87015,maringa,PR
70eea00b476a314817cefde4aad4f89a,13250,itatiba,SP
c840d3fdbba0790404fdae73d253b253,81530,curitiba,PR
9cad4b68bb993ee401a3c5aaa2bc26dd,16200,birigui,SP
7040e82f899a04d1b434b795a43b4617,01026,sao paulo,SP
a1544b9ea0b2390e020537d4daa89049,13211,jundiai,SP
d66c305afaec317ebee552073a674429,33936,ribeirao das neves,MG
adbe70ab2c97442046d393988c8d1d27,09321,maua,SP
42bde9fef835393bb8a8849cb6b7f245,71551,brasilia,DF
66922902710d126a0e7d26b0e3805106,31842,belo horizonte,MG
05f51e13da97139648b8125c31e5f51b,31910,belo horizonte,MG
91543f9849d68d023e17194926598543,89041,blumenau,SC
7d456afc660226829370f3173d14520c,08820,mogi das cruzes,SP
1900267e848ceeba8fa32d80c1a5f5a8,14940,ibitinga,SP
eb9cd5b35d95206585e2185318cb5c61,03064,sao paulo,SP
08d2d642cf72b622b14dde1d2f5eb2f5,17512,marilia,SP
15aac934c58d886785ac1b17953ea898,29480,muqui,ES
f789d2c4f2c2eb38fc4373e7a4b35264,36010,juiz de fora,MG
31da954dc0855f2495c6310f70a2f931,13601,araras,SP
17e34d8224d27a541263c4c64b11a56b,14085,riberao preto,SP
e2aee0892199b1d92530e371abd825bf,86600,rolandia,PR
870d0118f7a9d85960f29ad89d5d989a,37708,pocos de caldas,MG
ec8879960bd2221d5c32f8e12f7da711,13253,itatiba,SP
a938325a4b357fd23a6a4d5bb126408e,26510,nilopolis,RJ
a3dd39f583bc80bd8c5901c95878921e,41342,salvador,BA
4342d4b2ba6b161468c63a7e7cfce593,22793,rio de janeiro,RJ
9d5a9018aee56acb367ba9c3f05d1d6a,74930,aparecida de goiania,GO
f9244d45189d3a3605499abddeade7d5,03029,sao paulo,SP
2b3b9ce054da76a7428df143a567b156,03572,sao paulo,SP
198c7ea11960a9844b544d9bcdca860c,37590,jacutinga,MG
a478c7961d6a992065b24e63b366f90b,89036,blumenau,SC
55c96925041a14097b6a7825554f4ad5,02122,sao paulo,SP
d66c11a9572221d92fbb8c4897db5f9b,20770,rio de janeiro,RJ
ea67327e24487bdfac5fbfa37ea124df,14940,ibitinga,SP
c70c1b0d8ca86052f45a432a38b73958,13186,hortolandia,SP
61b18775be84fb700a6b2d0ba097bf66,14808,araraquara,SP
e603cf3fec55f8697c9059638d6c8eb5,96080,pelotas,RS
